<?xml version="1.0" encoding="UTF-8"?>
<project-private xmlns="http://www.netbeans.org/ns/project-private/1">
    <editor-bookmarks xmlns="http://www.netbeans.org/ns/editor-bookmarks/2" lastBookmarkId="0"/>
    <open-files xmlns="http://www.netbeans.org/ns/projectui-open-files/2">
        <group>
            <file>file:/D:/devspace/ws/Mastering-Microservices-with-Java/Chapter%207/OTRS_UI/gulpfile.coffee</file>
            <file>file:/D:/devspace/ws/Mastering-Microservices-with-Java/Chapter%207/OTRS_UI/gulpfile.js</file>
            <file>file:/D:/devspace/ws/Mastering-Microservices-with-Java/Chapter%207/OTRS_UI/app/src/scripts/app.js</file>
            <file>file:/D:/devspace/ws/Mastering-Microservices-with-Java/Chapter%207/OTRS_UI/app/src/index.html</file>
            <file>file:/D:/devspace/ws/Mastering-Microservices-with-Java/Chapter%207/OTRS_UI/app/src/styles/application.scss</file>
        </group>
    </open-files>
</project-private>
